id;name;race;age;gender;description;adoption_status;image_url
1;smoothly ack below;fooey;21688;"F";../fake-data/blob/hipster.txt;AVAILABLE;aaa
2;oh lift per;for kookily;13344;"M";../fake-data/blob/hipster.txt;ADOPTED
3;lazily;metal self-assured league;11736;"M";../fake-data/blob/hipster.txt;ADOPTED
4;who stealthily but;gah yahoo;10111;"F";../fake-data/blob/hipster.txt;ADOPTED
5;clear-cut what accompanist;pfft;23161;"F";../fake-data/blob/hipster.txt;AVAILABLE
6;deliberately bolster;strict unfreeze;6691;"M";../fake-data/blob/hipster.txt;AVAILABLE
7;proud;masticate vice;21542;"M";../fake-data/blob/hipster.txt;AVAILABLE
8;clearly;rough violent;27328;"M";../fake-data/blob/hipster.txt;AVAILABLE
9;spanish how mobilize;sometimes following miserly;8998;"M";../fake-data/blob/hipster.txt;AVAILABLE
10;but;meanwhile;26916;"F";../fake-data/blob/hipster.txt;AVAILABLE
